ProductID,ReviewText,ReviewDate
B0000082,Superb! Highly impressed with the product.,2021-05-16
B0000029,Best buy ever! Worth every penny!,2023-10-17
B0000095,Terrible experience. Product broke after one day.,2023-04-24
B0000055,Amazing purchase! Highly recommend to everyone.,2021-03-23
B0000030,Great product! Very satisfied with quality and delivery.,2023-02-23
B0000026,"Horrible experience, avoid this product.",2022-05-09
B0000029,Superb! Highly impressed with the product.,2024-07-15
B0000001,Waste of money. Product didn't work as advertised.,2023-11-30
B0000055,Love it! Perfect for my needs.,2021-03-16
B0000098,Amazing purchase! Highly recommend to everyone.,2022-02-17
B0000013,"Perfect product, exactly what I wanted.",2023-05-21
B0000034,Would not recommend at all.,2023-01-03
B0000016,Mediocre product.,2020-06-10
B0000071,"Absolutely love it, best decision ever.",2024-10-30
B0000047,Amazing purchase! Highly recommend to everyone.,2020-04-03
B0000085,Excellent! Best purchase I've made.,2020-06-12
B0000030,Completely disappointed.,2021-07-23
B0000059,"Perfect product, exactly what I wanted.",2020-11-29
B0000048,Superb! Highly impressed with the product.,2023-12-08
B0000088,"Absolutely love it, best decision ever.",2023-07-24
B0000022,Absolutely perfect! Will buy again.,2020-11-30
B0000060,Very happy with this purchase.,2021-03-25
B0000088,Excellent customer service and fast shipping!,2021-04-14
B0000005,Completely disappointed.,2021-07-02
B0000009,"Couldn't be better, perfect in every way.",2024-11-29
B0000092,"Brilliant product, highly recommended.",2022-03-21
B0000083,Superb! Highly impressed with the product.,2020-10-12
B0000032,"Horrible experience, avoid this product.",2021-06-22
B0000096,"Couldn't be better, perfect in every way.",2022-03-28
B0000047,Love it! Perfect for my needs.,2022-11-09
B0000064,Excellent customer service and fast shipping!,2024-10-29
B0000015,Fantastic! Exceeded my expectations.,2024-06-10
B0000088,Amazing purchase! Highly recommend to everyone.,2022-02-27
B0000049,Five stars! Highly satisfied customer.,2022-12-19
B0000033,Acceptable but not exceptional.,2020-01-24
B0000088,"Horrible experience, avoid this product.",2024-03-17
B0000035,Not recommended. Very bad experience.,2020-08-16
B0000038,Five stars! Highly satisfied customer.,2020-01-07
B0000093,Worst purchase ever. Don't waste your money.,2022-10-22
B0000098,Best buy ever! Worth every penny!,2024-11-17
B0000081,"Exceptional quality, great price.",2023-06-01
B0000026,Fantastic! Exceeded my expectations.,2023-01-09
B0000100,"Standard product, standard quality.",2020-01-02
B0000077,Great product! Very satisfied with quality and delivery.,2020-08-17
B0000047,Poor quality and broke within days.,2021-05-05
B0000008,"Couldn't be better, perfect in every way.",2020-06-10
B0000011,Terrible experience. Product broke after one day.,2024-04-06
B0000069,Poor quality and customer service.,2023-09-13
B0000061,Decent product for the price.,2021-06-26
B0000068,Defective product received.,2021-03-09
B0000070,Very disappointed with this purchase.,2023-12-31
B0000040,"Perfect product, exactly what I wanted.",2022-06-16
B0000067,Absolutely perfect! Will buy again.,2021-04-05
B0000009,"Couldn't be better, perfect in every way.",2023-02-08
B0000030,Great product! Very satisfied with quality and delivery.,2020-05-25
B0000091,Absolutely perfect! Will buy again.,2020-05-18
B0000005,Terrible experience. Product broke after one day.,2022-11-18
B0000031,"Brilliant product, highly recommended.",2021-03-14
B0000070,"Couldn't be better, perfect in every way.",2023-03-26
B0000061,"Brilliant product, highly recommended.",2024-07-11
B0000053,Best buy ever! Worth every penny!,2023-09-11
B0000056,Excellent service and quality product.,2022-08-14
B0000094,Best buy ever! Worth every penny!,2020-05-04
B0000052,Okay product but overpriced.,2021-05-24
B0000025,Five stars! Highly satisfied customer.,2020-10-14
B0000055,Five stars! Highly satisfied customer.,2021-05-26
B0000010,Very happy with this purchase.,2020-07-19
B0000007,Very happy with this purchase.,2024-09-08
B0000002,"Standard product, standard quality.",2024-03-23
B0000031,"Brilliant product, highly recommended.",2022-09-12
B0000028,Not what I expected. Poor quality and bad packaging.,2020-12-03
B0000049,Wonderful! Exceeded all my expectations.,2021-06-27
B0000059,Very happy with this purchase.,2023-09-17
B0000092,Outstanding quality and great value for money.,2021-08-30
B0000028,Meets expectations.,2024-02-15
B0000070,Amazing quality and fast delivery!,2020-04-27
B0000007,"Exceptional quality, great price.",2024-10-12
B0000068,"Exceptional quality, great price.",2020-06-13
B0000024,Amazing purchase! Highly recommend to everyone.,2023-10-14
B0000031,"Couldn't be better, perfect in every way.",2021-05-19
B0000075,"Absolutely love it, best decision ever.",2020-06-16
B0000054,"Couldn't be better, perfect in every way.",2022-12-06
B0000041,Average quality and delivery.,2023-10-03
B0000092,Superb! Highly impressed with the product.,2022-03-21
B0000017,Excellent! Best purchase I've made.,2022-07-25
B0000041,"Standard product, standard quality.",2020-05-28
B0000002,"Couldn't be better, perfect in every way.",2020-07-23
B0000010,"Exceptional quality, great price.",2021-06-27
B0000017,"Standard product, standard quality.",2020-05-20
B0000032,Fantastic! Exceeded my expectations.,2022-06-16
B0000070,Not worth the price at all.,2024-07-10
B0000084,Very happy with this purchase.,2021-09-05
B0000085,Love it! Perfect for my needs.,2021-06-25
B0000015,"Horrible experience, avoid this product.",2020-11-14
B0000035,Outstanding quality and great value for money.,2024-01-09
B0000044,Superb! Highly impressed with the product.,2022-11-01
B0000063,Excellent customer service and fast shipping!,2020-07-08
B0000082,Superb! Highly impressed with the product.,2020-03-31
B0000001,Love it! Perfect for my needs.,2023-07-28
B0000034,Five stars! Highly satisfied customer.,2023-02-03
B0000091,Great product! Very satisfied with quality and delivery.,2020-08-17
B0000010,Could be better.,2020-11-01
B0000070,"Perfect product, exactly what I wanted.",2023-04-07
B0000071,Love it! Perfect for my needs.,2020-03-26
B0000040,Excellent customer service and fast shipping!,2022-01-02
B0000027,Best buy ever! Worth every penny!,2021-12-25
B0000100,Excellent service and quality product.,2023-06-25
B0000096,Absolutely perfect! Will buy again.,2024-11-05
B0000021,Fair quality for the price.,2020-12-28
B0000053,Amazing quality and fast delivery!,2024-05-21
B0000053,Not as described. Very unhappy.,2021-06-30
B0000021,Okay product but overpriced.,2022-02-22
B0000005,Not as described. Very unhappy.,2021-02-12
B0000059,Absolutely perfect! Will buy again.,2021-04-01
B0000004,Wonderful! Exceeded all my expectations.,2021-11-03
B0000036,Worst purchase ever. Don't waste your money.,2021-12-20
B0000083,Very happy with this purchase.,2021-11-09
B0000004,Superb! Highly impressed with the product.,2020-12-31
B0000075,Acceptable product.,2020-03-19
B0000014,"Perfect product, exactly what I wanted.",2024-02-01
B0000041,"Exceptional quality, great price.",2020-08-24
B0000050,Very disappointed with this purchase.,2021-06-05
B0000006,Disappointed with the quality. Expected better for this price.,2022-11-30
B0000069,Outstanding quality and great value for money.,2022-01-15
B0000056,Amazing quality and fast delivery!,2023-06-30
B0000041,Best buy ever! Worth every penny!,2024-01-14
B0000039,Excellent service and quality product.,2021-10-30
B0000052,Very happy with this purchase.,2020-09-17
B0000025,Wonderful! Exceeded all my expectations.,2023-10-19
B0000096,Meets expectations.,2023-03-11
B0000039,Great product! Very satisfied with quality and delivery.,2021-09-14
B0000037,"Couldn't be better, perfect in every way.",2023-05-27
B0000084,Five stars! Highly satisfied customer.,2022-06-24
B0000087,"Brilliant product, highly recommended.",2024-06-13
B0000095,Amazing purchase! Highly recommend to everyone.,2021-08-04
B0000066,"Absolutely love it, best decision ever.",2021-11-17
B0000012,Not as described. Very unhappy.,2023-10-09
B0000040,Outstanding quality and great value for money.,2020-10-28
B0000004,"Brilliant product, highly recommended.",2023-06-05
B0000099,Excellent service and quality product.,2023-07-13
B0000074,Wonderful! Exceeded all my expectations.,2022-10-09
B0000052,Great product! Very satisfied with quality and delivery.,2024-03-17
B0000099,Defective product received.,2021-03-24
B0000023,Extremely disappointed with quality.,2022-08-09
B0000007,Best buy ever! Worth every penny!,2022-07-23
B0000018,Extremely disappointed with quality.,2023-02-18
B0000077,Five stars! Highly satisfied customer.,2023-06-08
B0000093,Defective product received.,2024-08-28
B0000071,Fantastic! Exceeded my expectations.,2024-03-03
B0000061,Absolutely perfect! Will buy again.,2024-09-16
B0000082,"Exceptional quality, great price.",2022-09-19
B0000081,Five stars! Highly satisfied customer.,2020-06-07
B0000092,Superb! Highly impressed with the product.,2021-11-18
B0000041,Terrible experience. Product broke after one day.,2020-10-10
B0000020,Love it! Perfect for my needs.,2023-12-17
B0000028,Excellent service and quality product.,2021-11-08
B0000070,Excellent customer service and fast shipping!,2021-02-27
B0000054,"Couldn't be better, perfect in every way.",2023-11-25
B0000003,Very poor quality and bad service.,2022-02-18
B0000062,"Perfect product, exactly what I wanted.",2021-09-03
B0000097,Excellent service and quality product.,2023-01-07
B0000096,Not worth the price at all.,2021-03-27
B0000063,Excellent service and quality product.,2022-09-21
B0000004,Wonderful! Exceeded all my expectations.,2024-01-23
B0000022,Poor quality and customer service.,2023-06-28
B0000069,Wonderful! Exceeded all my expectations.,2023-04-27
B0000073,Amazing purchase! Highly recommend to everyone.,2023-08-09
B0000055,Five stars! Highly satisfied customer.,2021-01-07
B0000007,Amazing quality and fast delivery!,2021-03-09
B0000059,Wonderful! Exceeded all my expectations.,2021-07-23
B0000097,Mediocre product.,2021-05-31
B0000011,Very happy with this purchase.,2020-04-16
B0000045,Amazing purchase! Highly recommend to everyone.,2024-05-18
B0000084,Great product! Very satisfied with quality and delivery.,2021-05-21
B0000026,Not worth the price at all.,2020-11-08
B0000031,Best buy ever! Worth every penny!,2023-03-01
B0000028,Superb! Highly impressed with the product.,2024-04-19
B0000048,"Absolutely love it, best decision ever.",2024-03-11
B0000092,Fantastic! Exceeded my expectations.,2021-09-29
B0000014,Excellent! Best purchase I've made.,2023-03-25
B0000087,Mediocre product.,2022-03-23
B0000092,"Couldn't be better, perfect in every way.",2023-11-15
B0000081,Excellent! Best purchase I've made.,2024-10-07
B0000088,Best buy ever! Worth every penny!,2024-06-18
B0000073,Terrible product quality.,2022-12-27
B0000055,Amazing purchase! Highly recommend to everyone.,2022-11-02
B0000083,Excellent service and quality product.,2024-08-11
B0000063,"Perfect product, exactly what I wanted.",2023-07-25
B0000059,Defective product received.,2020-12-26
B0000094,Superb! Highly impressed with the product.,2023-06-15
B0000069,Would not recommend at all.,2022-06-11
B0000094,Amazing quality and fast delivery!,2024-10-10
B0000032,Terrible experience. Product broke after one day.,2021-07-25
B0000058,Five stars! Highly satisfied customer.,2023-03-13
B0000079,Amazing quality and fast delivery!,2020-02-28
B0000064,Waste of money. Product didn't work as advertised.,2022-09-25
B0000028,Superb! Highly impressed with the product.,2021-11-28
B0000036,Worst purchase ever. Don't waste your money.,2023-02-12
B0000002,Outstanding quality and great value for money.,2020-06-24
B0000031,"Useless product, total waste of money.",2023-02-11
B0000098,"Brilliant product, highly recommended.",2023-08-15
B0000092,Great product! Very satisfied with quality and delivery.,2020-07-09
B0000038,Absolutely perfect! Will buy again.,2021-09-19
B0000085,"Brilliant product, highly recommended.",2023-02-07
B0000068,Very happy with this purchase.,2021-11-08
B0000046,Worst purchase ever. Don't waste your money.,2021-09-19
B0000033,Outstanding quality and great value for money.,2021-10-08
B0000016,Waste of money. Product didn't work as advertised.,2021-01-27
B0000028,Worst purchase ever. Don't waste your money.,2024-01-23
B0000076,Just average.,2023-05-07
B0000037,Acceptable but not exceptional.,2021-02-01
B0000038,Fantastic! Exceeded my expectations.,2021-09-11
B0000002,Poor quality and customer service.,2021-07-15
B0000006,Just average.,2021-08-21
B0000090,Satisfactory product.,2024-11-13
B0000097,Great product! Very satisfied with quality and delivery.,2023-03-21
B0000037,Five stars! Highly satisfied customer.,2021-11-28
B0000024,Acceptable product.,2024-10-30
B0000062,Amazing purchase! Highly recommend to everyone.,2022-03-31
B0000063,Excellent customer service and fast shipping!,2020-11-06
B0000020,Poor quality and broke within days.,2020-06-23
B0000032,Excellent service and quality product.,2023-05-26
B0000077,Not as described. Very unhappy.,2024-05-07
B0000067,Five stars! Highly satisfied customer.,2021-08-31
B0000076,Acceptable product.,2023-03-10
B0000080,Best buy ever! Worth every penny!,2024-04-11
B0000027,Superb! Highly impressed with the product.,2023-09-14
B0000011,Fantastic! Exceeded my expectations.,2023-02-04
B0000010,Excellent service and quality product.,2022-07-11
B0000089,Excellent! Best purchase I've made.,2020-03-07
B0000030,Excellent! Best purchase I've made.,2023-12-10
B0000059,Absolutely perfect! Will buy again.,2021-06-25
B0000081,Outstanding quality and great value for money.,2022-05-20
B0000015,Love it! Perfect for my needs.,2021-06-28
B0000019,Fantastic! Exceeded my expectations.,2024-06-11
B0000040,"Couldn't be better, perfect in every way.",2021-08-14
B0000057,Excellent! Best purchase I've made.,2023-12-04
B0000052,Just average.,2023-01-10
B0000064,"Absolutely love it, best decision ever.",2020-03-22
B0000056,Not worth the price at all.,2021-05-27
B0000004,"Couldn't be better, perfect in every way.",2023-04-17
B0000003,Satisfactory product.,2024-08-09
B0000035,Fantastic! Exceeded my expectations.,2022-08-21
B0000067,Superb! Highly impressed with the product.,2021-01-06
B0000075,"Brilliant product, highly recommended.",2020-07-05
B0000061,Amazing quality and fast delivery!,2021-10-19
B0000086,Fantastic! Exceeded my expectations.,2021-11-06
B0000053,Excellent! Best purchase I've made.,2023-09-18
B0000052,"Horrible experience, avoid this product.",2020-03-16
B0000059,Superb! Highly impressed with the product.,2021-10-24
B0000015,Mediocre product.,2024-11-06
B0000066,Disappointed with the quality. Expected better for this price.,2023-09-08
B0000070,Excellent customer service and fast shipping!,2021-01-19
B0000067,"Brilliant product, highly recommended.",2023-07-04
B0000057,Very disappointed with this purchase.,2021-06-30
B0000071,Excellent! Best purchase I've made.,2022-06-16
B0000090,Great product! Very satisfied with quality and delivery.,2023-07-14
B0000078,Waste of money. Product didn't work as advertised.,2021-09-28
B0000071,Excellent service and quality product.,2020-07-09
B0000029,"Standard product, standard quality.",2020-08-20
B0000060,Satisfactory product.,2024-08-31
B0000020,Excellent! Best purchase I've made.,2022-11-08
B0000091,"Brilliant product, highly recommended.",2022-08-25
B0000032,Love it! Perfect for my needs.,2022-02-24
B0000025,Just average.,2024-03-08
B0000018,Worst purchase ever. Don't waste your money.,2024-05-01
B0000054,"Exceptional quality, great price.",2021-07-01
B0000001,Excellent! Best purchase I've made.,2024-09-11
B0000076,"Brilliant product, highly recommended.",2024-11-07
B0000020,"Brilliant product, highly recommended.",2021-12-07
B0000043,Very happy with this purchase.,2022-02-11
B0000059,Acceptable but not exceptional.,2021-01-21
B0000090,Wonderful! Exceeded all my expectations.,2021-04-23
B0000100,Amazing quality and fast delivery!,2024-03-05
B0000061,Completely disappointed.,2022-03-01
B0000085,Poor quality and customer service.,2022-10-11
B0000005,"Couldn't be better, perfect in every way.",2021-11-10
B0000013,Would not recommend at all.,2020-07-23
B0000068,Average product. Does what it says.,2024-01-19
B0000019,Love it! Perfect for my needs.,2020-06-02
B0000061,Worst purchase ever. Don't waste your money.,2021-11-24
B0000080,Amazing purchase! Highly recommend to everyone.,2024-10-10
B0000043,"Horrible experience, avoid this product.",2022-02-17
B0000041,"Brilliant product, highly recommended.",2024-11-21
B0000070,Amazing purchase! Highly recommend to everyone.,2021-04-25
B0000081,Excellent! Best purchase I've made.,2021-04-10
B0000096,Best buy ever! Worth every penny!,2024-04-06
B0000082,Okay product but overpriced.,2022-06-27
B0000022,Great product! Very satisfied with quality and delivery.,2020-04-04
B0000042,Poor quality and broke within days.,2022-01-04
B0000048,Absolutely perfect! Will buy again.,2022-12-23
B0000053,Fantastic! Exceeded my expectations.,2020-12-14
B0000023,Wonderful! Exceeded all my expectations.,2023-06-23
B0000088,"Couldn't be better, perfect in every way.",2020-10-20
B0000030,Superb! Highly impressed with the product.,2022-07-30
B0000033,Five stars! Highly satisfied customer.,2021-08-12
B0000087,Amazing purchase! Highly recommend to everyone.,2022-06-23
B0000045,Acceptable product.,2023-08-01
B0000055,Five stars! Highly satisfied customer.,2024-09-27
B0000039,Wonderful! Exceeded all my expectations.,2024-10-13
B0000062,Wonderful! Exceeded all my expectations.,2023-03-17
B0000046,Excellent! Best purchase I've made.,2020-02-14
B0000085,Great product! Very satisfied with quality and delivery.,2023-03-05
B0000088,Not what I expected. Poor quality and bad packaging.,2023-05-26
B0000096,Excellent! Best purchase I've made.,2024-05-07
B0000030,"Perfect product, exactly what I wanted.",2021-03-24
B0000082,Superb! Highly impressed with the product.,2023-10-20
B0000097,Poor quality and customer service.,2023-07-10
B0000013,Satisfactory product.,2020-03-21
B0000040,Not what I expected. Poor quality and bad packaging.,2023-04-01
B0000047,Terrible experience. Product broke after one day.,2021-08-27
B0000042,Waste of money. Product didn't work as advertised.,2021-02-15
B0000017,Terrible product quality.,2022-12-23
B0000065,Acceptable but not exceptional.,2020-12-02
B0000033,"Not bad, not great.",2024-07-09
B0000038,Not recommended. Very bad experience.,2024-07-05
B0000015,Amazing purchase! Highly recommend to everyone.,2020-10-15
B0000097,Acceptable but not exceptional.,2023-10-17
B0000093,Wonderful! Exceeded all my expectations.,2024-09-28
B0000072,Wonderful! Exceeded all my expectations.,2020-01-29
B0000034,Five stars! Highly satisfied customer.,2022-01-24
B0000087,Worst purchase ever. Don't waste your money.,2023-04-12
B0000049,Terrible product quality.,2020-08-09
B0000087,Great product! Very satisfied with quality and delivery.,2023-06-22
B0000072,"Absolutely love it, best decision ever.",2021-03-29
B0000083,Five stars! Highly satisfied customer.,2023-12-06
B0000039,Best buy ever! Worth every penny!,2020-10-13
B0000006,Acceptable product.,2022-10-05
B0000015,Very happy with this purchase.,2020-10-04
B0000050,Very happy with this purchase.,2022-05-08
B0000076,Poor quality and customer service.,2022-04-29
B0000084,"Brilliant product, highly recommended.",2023-06-14
B0000053,Acceptable product.,2020-03-08
B0000089,Five stars! Highly satisfied customer.,2022-06-29
B0000031,Okay product but overpriced.,2023-11-05
B0000048,"Perfect product, exactly what I wanted.",2020-05-04
B0000051,Best buy ever! Worth every penny!,2024-10-02
B0000059,Outstanding quality and great value for money.,2023-08-07
B0000082,Great product! Very satisfied with quality and delivery.,2020-04-13
B0000043,Love it! Perfect for my needs.,2024-05-30
B0000073,Very happy with this purchase.,2021-02-28
B0000076,Absolutely perfect! Will buy again.,2021-11-03
B0000100,"Absolutely love it, best decision ever.",2020-01-06
B0000036,Poor quality and customer service.,2020-09-23
B0000070,Fantastic! Exceeded my expectations.,2020-08-13
B0000085,Poor quality and customer service.,2020-01-31
B0000046,Not as described. Very unhappy.,2023-04-20
B0000042,Superb! Highly impressed with the product.,2020-04-17
B0000017,Extremely disappointed with quality.,2020-08-20
B0000096,Five stars! Highly satisfied customer.,2024-05-12
B0000047,Best buy ever! Worth every penny!,2022-07-14
B0000065,"Absolutely love it, best decision ever.",2020-03-29
B0000094,Extremely disappointed with quality.,2021-09-09
B0000059,Great product! Very satisfied with quality and delivery.,2020-05-04
B0000062,Defective product received.,2023-11-06
B0000014,Five stars! Highly satisfied customer.,2020-05-30
B0000011,Love it! Perfect for my needs.,2020-05-14
B0000017,"Couldn't be better, perfect in every way.",2023-01-28
B0000092,"Absolutely love it, best decision ever.",2022-12-22
B0000038,"Absolutely love it, best decision ever.",2022-05-31
B0000013,Okay product but overpriced.,2024-10-12
B0000084,Very happy with this purchase.,2024-01-16
B0000028,Absolutely perfect! Will buy again.,2022-04-27
B0000044,Completely disappointed.,2022-05-01
B0000094,Excellent service and quality product.,2021-10-02
B0000086,Love it! Perfect for my needs.,2023-11-07
B0000061,Amazing purchase! Highly recommend to everyone.,2020-07-09
B0000056,"Perfect product, exactly what I wanted.",2024-07-20
B0000017,"Couldn't be better, perfect in every way.",2023-02-24
B0000072,Best buy ever! Worth every penny!,2022-04-21
B0000046,Defective product received.,2024-11-12
B0000093,Excellent! Best purchase I've made.,2023-05-14
B0000040,"Couldn't be better, perfect in every way.",2022-11-05
B0000028,"Brilliant product, highly recommended.",2021-04-04
B0000014,Very happy with this purchase.,2022-01-22
B0000015,Very poor quality and bad service.,2021-04-08
B0000055,Not worth the price at all.,2023-06-10
B0000087,Great product! Very satisfied with quality and delivery.,2023-06-01
B0000085,Worst purchase ever. Don't waste your money.,2020-02-29
B0000024,Excellent! Best purchase I've made.,2021-11-26
B0000045,Love it! Perfect for my needs.,2023-03-05
B0000085,Love it! Perfect for my needs.,2024-02-26
B0000082,It's okay. Nothing special.,2024-03-08
B0000068,Excellent service and quality product.,2022-07-18
B0000044,Excellent! Best purchase I've made.,2024-01-17
B0000042,Very poor quality and bad service.,2023-05-06
B0000011,Poor quality and customer service.,2020-11-18
B0000097,Amazing purchase! Highly recommend to everyone.,2021-07-11
B0000057,"Brilliant product, highly recommended.",2023-05-28
B0000057,Outstanding quality and great value for money.,2024-03-26
B0000066,Excellent service and quality product.,2020-08-15
B0000037,"Couldn't be better, perfect in every way.",2022-09-23
B0000068,Excellent customer service and fast shipping!,2021-03-27
B0000051,Average product. Does what it says.,2020-01-16
B0000027,Outstanding quality and great value for money.,2024-04-20
B0000018,Poor quality and broke within days.,2021-11-02
B0000016,Excellent service and quality product.,2020-12-25
B0000017,Absolutely perfect! Will buy again.,2022-10-21
B0000072,Terrible product quality.,2020-05-27
B0000051,Not what I expected. Poor quality and bad packaging.,2022-06-12
B0000003,Amazing purchase! Highly recommend to everyone.,2024-10-31
B0000041,"Couldn't be better, perfect in every way.",2022-04-08
B0000091,Excellent! Best purchase I've made.,2020-08-23
B0000052,Amazing quality and fast delivery!,2020-12-17
B0000080,"Perfect product, exactly what I wanted.",2020-06-29
B0000056,Not as described. Very unhappy.,2022-06-11
B0000076,Amazing purchase! Highly recommend to everyone.,2022-03-21
B0000040,Not as described. Very unhappy.,2021-11-13
B0000100,"Exceptional quality, great price.",2023-07-20
B0000015,Outstanding quality and great value for money.,2024-05-08
B0000045,Love it! Perfect for my needs.,2021-04-28
B0000014,Outstanding quality and great value for money.,2020-12-21
B0000078,Amazing purchase! Highly recommend to everyone.,2020-12-28
B0000099,Five stars! Highly satisfied customer.,2024-03-25
B0000073,Would not recommend at all.,2023-10-26
B0000073,"Absolutely love it, best decision ever.",2021-10-23
B0000081,Five stars! Highly satisfied customer.,2020-05-19
B0000061,Excellent! Best purchase I've made.,2024-06-18
B0000036,"Perfect product, exactly what I wanted.",2022-11-05
B0000010,Five stars! Highly satisfied customer.,2020-03-18
B0000008,Excellent! Best purchase I've made.,2020-06-06
B0000083,Terrible experience. Product broke after one day.,2023-06-13
B0000077,Five stars! Highly satisfied customer.,2023-04-03
B0000071,Could be better.,2020-03-25
B0000058,Meets expectations.,2023-08-27
B0000025,"Brilliant product, highly recommended.",2022-10-23
B0000020,"Not bad, not great.",2020-07-30
B0000044,It's okay. Nothing special.,2022-10-30
B0000083,Absolutely perfect! Will buy again.,2023-12-20
B0000057,Just average.,2022-12-06
B0000079,"Perfect product, exactly what I wanted.",2021-08-02
B0000050,Amazing quality and fast delivery!,2023-10-22
B0000077,Amazing quality and fast delivery!,2020-05-14
B0000043,Wonderful! Exceeded all my expectations.,2021-08-04
B0000033,Not worth the price at all.,2024-11-23
B0000020,"Couldn't be better, perfect in every way.",2023-09-21
B0000019,Acceptable product.,2023-09-05
B0000090,Love it! Perfect for my needs.,2023-05-03
B0000091,Acceptable product.,2023-02-18
B0000049,Amazing quality and fast delivery!,2024-07-23
B0000017,"Exceptional quality, great price.",2020-07-10
B0000083,"Exceptional quality, great price.",2022-01-11
B0000003,Fantastic! Exceeded my expectations.,2021-03-14
B0000044,"Not bad, not great.",2021-01-28
B0000029,Decent product for the price.,2020-06-07
B0000038,Okay product but overpriced.,2022-11-05
B0000099,"Exceptional quality, great price.",2020-03-18
B0000085,"Absolutely love it, best decision ever.",2020-09-25
B0000077,Fantastic! Exceeded my expectations.,2021-01-05
B0000089,Waste of money. Product didn't work as advertised.,2024-01-16
B0000057,"Perfect product, exactly what I wanted.",2023-10-17
B0000093,Five stars! Highly satisfied customer.,2023-06-04
B0000037,Would not recommend at all.,2021-04-24
B0000069,"Brilliant product, highly recommended.",2024-09-06
B0000025,"Couldn't be better, perfect in every way.",2022-06-21
B0000060,Completely disappointed.,2022-10-26
B0000068,Fantastic! Exceeded my expectations.,2024-07-30
B0000026,Poor quality and customer service.,2024-11-22
B0000033,"Brilliant product, highly recommended.",2024-11-25
B0000048,Best buy ever! Worth every penny!,2023-12-27
B0000067,Poor quality and broke within days.,2020-06-20
B0000098,Five stars! Highly satisfied customer.,2022-11-17
B0000019,Terrible experience. Product broke after one day.,2021-03-30
B0000058,Disappointed with the quality. Expected better for this price.,2022-04-29
B0000007,"Perfect product, exactly what I wanted.",2021-04-27
B0000050,It works as expected.,2021-04-04
B0000004,Best buy ever! Worth every penny!,2024-09-14
B0000092,Love it! Perfect for my needs.,2020-10-08
B0000005,"Brilliant product, highly recommended.",2023-11-26
B0000018,"Useless product, total waste of money.",2022-07-07
B0000079,Amazing purchase! Highly recommend to everyone.,2020-02-08
B0000033,Love it! Perfect for my needs.,2023-01-28
B0000094,Excellent service and quality product.,2020-08-15
B0000100,Excellent! Best purchase I've made.,2020-09-06
B0000007,"Absolutely love it, best decision ever.",2022-07-25
B0000009,"Brilliant product, highly recommended.",2023-05-07
B0000069,"Exceptional quality, great price.",2023-03-23
B0000031,Poor quality and broke within days.,2022-05-29
B0000001,Absolutely perfect! Will buy again.,2023-03-14
B0000054,Amazing purchase! Highly recommend to everyone.,2022-12-08
B0000047,"Exceptional quality, great price.",2023-01-19
B0000065,Extremely disappointed with quality.,2023-02-08
B0000003,"Brilliant product, highly recommended.",2020-03-30
B0000082,"Perfect product, exactly what I wanted.",2021-06-03
B0000096,Amazing purchase! Highly recommend to everyone.,2021-12-07
B0000031,Okay product but overpriced.,2024-04-29
B0000075,Not recommended. Very bad experience.,2020-09-30
B0000006,Amazing quality and fast delivery!,2024-07-24
B0000083,Five stars! Highly satisfied customer.,2023-11-25
B0000062,Love it! Perfect for my needs.,2020-05-09
B0000092,Would not recommend at all.,2020-03-16
B0000038,Outstanding quality and great value for money.,2020-03-26
B0000041,Just average.,2022-03-26
B0000070,Excellent customer service and fast shipping!,2024-03-22
B0000083,"Perfect product, exactly what I wanted.",2024-10-31
B0000100,Amazing quality and fast delivery!,2021-07-13
B0000016,Defective product received.,2022-03-30
B0000096,Wonderful! Exceeded all my expectations.,2021-11-25
B0000024,"Brilliant product, highly recommended.",2022-01-22
B0000067,Amazing purchase! Highly recommend to everyone.,2024-01-29
B0000055,"Absolutely love it, best decision ever.",2024-08-11
B0000024,Amazing quality and fast delivery!,2020-07-29
B0000011,Excellent! Best purchase I've made.,2021-09-19
B0000058,Excellent service and quality product.,2020-12-07
B0000089,Five stars! Highly satisfied customer.,2020-03-27
B0000094,Terrible product quality.,2023-06-13
B0000056,Excellent customer service and fast shipping!,2020-06-02
B0000086,"Perfect product, exactly what I wanted.",2022-11-16
B0000096,Great product! Very satisfied with quality and delivery.,2020-10-19
B0000078,Five stars! Highly satisfied customer.,2020-03-12
B0000017,"Perfect product, exactly what I wanted.",2022-01-11
B0000050,Average product. Does what it says.,2023-05-24
B0000020,"Perfect product, exactly what I wanted.",2022-01-31
B0000057,Very poor quality and bad service.,2020-10-08
B0000068,Amazing quality and fast delivery!,2023-08-23
B0000036,Best buy ever! Worth every penny!,2020-02-23
B0000095,"Exceptional quality, great price.",2022-03-03
B0000072,Superb! Highly impressed with the product.,2023-12-12
B0000058,"Absolutely love it, best decision ever.",2021-08-07
B0000089,"Not bad, not great.",2021-02-13
B0000016,Amazing purchase! Highly recommend to everyone.,2022-07-14
B0000023,Would not recommend at all.,2020-06-28
B0000088,It works as expected.,2023-09-29
B0000045,"Horrible experience, avoid this product.",2023-01-15
B0000038,Waste of money. Product didn't work as advertised.,2023-12-28
B0000091,Satisfactory product.,2020-12-22
B0000047,Best buy ever! Worth every penny!,2021-02-15
B0000018,"Brilliant product, highly recommended.",2020-02-23
B0000047,"Perfect product, exactly what I wanted.",2022-08-15
B0000071,Amazing purchase! Highly recommend to everyone.,2020-05-14
B0000040,"Brilliant product, highly recommended.",2022-12-12
B0000053,Very poor quality and bad service.,2020-05-31
B0000017,Satisfactory product.,2020-05-31
B0000058,"Exceptional quality, great price.",2021-12-06
B0000017,"Horrible experience, avoid this product.",2023-08-03
B0000076,Love it! Perfect for my needs.,2022-06-05
B0000065,Average product. Does what it says.,2024-08-29
B0000016,Excellent! Best purchase I've made.,2020-12-03
B0000021,Absolutely perfect! Will buy again.,2021-12-09
B0000067,Terrible experience. Product broke after one day.,2021-05-28
B0000026,Very happy with this purchase.,2021-07-16
B0000017,"Absolutely love it, best decision ever.",2022-12-28
B0000012,Fantastic! Exceeded my expectations.,2023-04-27
B0000075,"Absolutely love it, best decision ever.",2024-01-15
B0000078,"Couldn't be better, perfect in every way.",2020-03-25
B0000004,"Couldn't be better, perfect in every way.",2021-06-26
B0000084,"Couldn't be better, perfect in every way.",2022-05-03
B0000080,"Brilliant product, highly recommended.",2023-07-08
B0000070,Excellent! Best purchase I've made.,2022-09-16
B0000032,Completely disappointed.,2021-09-01
B0000059,Excellent customer service and fast shipping!,2020-11-19
B0000057,Five stars! Highly satisfied customer.,2021-02-21
B0000044,Amazing quality and fast delivery!,2024-10-30
B0000092,"Perfect product, exactly what I wanted.",2022-03-27
B0000017,Extremely disappointed with quality.,2023-02-24
B0000014,Five stars! Highly satisfied customer.,2020-09-07
B0000035,Love it! Perfect for my needs.,2020-07-17
B0000007,Wonderful! Exceeded all my expectations.,2024-11-04
B0000079,Fantastic! Exceeded my expectations.,2024-07-24
B0000042,Could be better.,2021-10-02
B0000025,"Useless product, total waste of money.",2022-11-20
B0000060,Excellent! Best purchase I've made.,2022-10-15
B0000003,Wonderful! Exceeded all my expectations.,2022-11-01
B0000059,Average quality and delivery.,2023-04-09
B0000046,Excellent! Best purchase I've made.,2022-10-10
B0000077,"Useless product, total waste of money.",2021-08-08
B0000069,Best buy ever! Worth every penny!,2022-06-01
B0000018,Terrible product quality.,2024-04-13
B0000052,Wonderful! Exceeded all my expectations.,2020-04-14
B0000073,"Perfect product, exactly what I wanted.",2023-02-07
B0000037,"Exceptional quality, great price.",2022-07-11
B0000098,"Absolutely love it, best decision ever.",2023-10-25
B0000079,Best buy ever! Worth every penny!,2022-03-17
B0000048,Not recommended. Very bad experience.,2023-02-16
B0000047,Very disappointed with this purchase.,2023-05-18
B0000066,Excellent customer service and fast shipping!,2020-04-02
B0000005,Amazing quality and fast delivery!,2024-07-04
B0000061,Love it! Perfect for my needs.,2023-05-26
B0000066,"Absolutely love it, best decision ever.",2021-10-14
B0000021,"Absolutely love it, best decision ever.",2024-02-23
B0000039,"Exceptional quality, great price.",2024-08-23
B0000066,"Couldn't be better, perfect in every way.",2021-09-05
B0000061,Terrible product quality.,2021-11-09
B0000087,Excellent service and quality product.,2023-04-10
B0000040,Disappointed with the quality. Expected better for this price.,2023-05-07
B0000061,"Couldn't be better, perfect in every way.",2023-03-28
B0000030,Very poor quality and bad service.,2022-09-10
B0000022,"Absolutely love it, best decision ever.",2024-05-05
B0000049,Absolutely perfect! Will buy again.,2020-03-05
B0000074,It's okay. Nothing special.,2021-01-25
B0000003,Excellent service and quality product.,2020-11-06
B0000053,Excellent service and quality product.,2022-10-24
B0000100,"Brilliant product, highly recommended.",2024-11-22
B0000095,Poor quality and customer service.,2022-11-28
B0000027,"Brilliant product, highly recommended.",2022-12-12
B0000049,Fantastic! Exceeded my expectations.,2022-07-30
B0000069,"Perfect product, exactly what I wanted.",2023-10-16
B0000099,Worst purchase ever. Don't waste your money.,2023-06-03
B0000062,Absolutely perfect! Will buy again.,2021-07-25
B0000072,Excellent! Best purchase I've made.,2024-04-28
B0000037,"Useless product, total waste of money.",2021-10-11
B0000062,Superb! Highly impressed with the product.,2021-08-12
B0000016,Very happy with this purchase.,2022-02-16
B0000051,Poor quality and customer service.,2021-08-17
B0000006,Amazing purchase! Highly recommend to everyone.,2021-12-10
B0000057,"Brilliant product, highly recommended.",2021-03-14
B0000026,Worst purchase ever. Don't waste your money.,2023-02-25
B0000090,Best buy ever! Worth every penny!,2023-06-14
B0000095,Absolutely perfect! Will buy again.,2020-04-13
B0000086,Average quality and delivery.,2023-07-30
B0000030,Excellent service and quality product.,2021-11-07
B0000092,Love it! Perfect for my needs.,2020-01-11
B0000071,Decent product for the price.,2022-04-13
B0000084,"Standard product, standard quality.",2022-09-01
B0000062,Excellent! Best purchase I've made.,2021-10-19
B0000037,Amazing purchase! Highly recommend to everyone.,2023-08-28
B0000074,Excellent customer service and fast shipping!,2020-12-24
B0000054,Waste of money. Product didn't work as advertised.,2020-03-15
B0000051,Waste of money. Product didn't work as advertised.,2024-03-13
B0000038,Disappointed with the quality. Expected better for this price.,2021-09-03
B0000073,Amazing quality and fast delivery!,2021-08-05
B0000059,Just average.,2022-12-09
B0000064,Poor quality and customer service.,2024-10-08
B0000065,Outstanding quality and great value for money.,2024-07-14
B0000015,Five stars! Highly satisfied customer.,2023-08-20
B0000033,Disappointed with the quality. Expected better for this price.,2024-02-17
B0000044,Very poor quality and bad service.,2023-10-13
B0000097,"Absolutely love it, best decision ever.",2024-10-19
B0000082,Defective product received.,2022-11-21
B0000042,Best buy ever! Worth every penny!,2021-01-13
B0000018,Absolutely perfect! Will buy again.,2020-01-14
B0000034,Five stars! Highly satisfied customer.,2024-03-23
B0000035,Acceptable product.,2023-04-07
B0000093,Superb! Highly impressed with the product.,2023-08-31
B0000047,Excellent customer service and fast shipping!,2023-09-29
B0000016,Fantastic! Exceeded my expectations.,2022-04-10
B0000088,Excellent! Best purchase I've made.,2023-11-14
B0000016,Excellent! Best purchase I've made.,2022-01-22
B0000079,Love it! Perfect for my needs.,2022-09-06
B0000020,"Absolutely love it, best decision ever.",2022-02-04
B0000054,"Useless product, total waste of money.",2024-03-31
B0000069,Very disappointed with this purchase.,2024-04-09
B0000032,"Absolutely love it, best decision ever.",2024-11-23
B0000011,"Exceptional quality, great price.",2023-12-12
B0000047,"Couldn't be better, perfect in every way.",2020-08-17
B0000008,Extremely disappointed with quality.,2021-02-18
B0000074,Fantastic! Exceeded my expectations.,2021-11-02
B0000067,Outstanding quality and great value for money.,2024-01-08
B0000075,"Exceptional quality, great price.",2022-07-01
B0000008,"Exceptional quality, great price.",2022-04-30
B0000059,Very happy with this purchase.,2022-08-04
B0000087,Disappointed with the quality. Expected better for this price.,2022-03-21
B0000033,Very disappointed with this purchase.,2023-03-30
B0000010,"Perfect product, exactly what I wanted.",2023-12-05
B0000009,Excellent customer service and fast shipping!,2020-05-21
B0000061,Excellent service and quality product.,2021-01-03
B0000099,Excellent service and quality product.,2022-02-05
B0000049,Wonderful! Exceeded all my expectations.,2022-02-08
B0000011,Very happy with this purchase.,2020-09-29
B0000084,Okay product but overpriced.,2020-12-31
B0000069,Love it! Perfect for my needs.,2024-01-30
B0000029,Disappointed with the quality. Expected better for this price.,2021-09-03
B0000060,Very happy with this purchase.,2022-05-18
B0000069,Absolutely perfect! Will buy again.,2021-05-21
B0000059,Superb! Highly impressed with the product.,2021-01-21
B0000093,Not what I expected. Poor quality and bad packaging.,2024-07-15
B0000085,Great product! Very satisfied with quality and delivery.,2021-05-07
B0000027,"Absolutely love it, best decision ever.",2020-03-09
B0000058,Excellent customer service and fast shipping!,2021-05-16
B0000095,Five stars! Highly satisfied customer.,2021-04-24
B0000070,Excellent customer service and fast shipping!,2020-10-13
B0000065,Average quality and delivery.,2024-07-28
B0000094,"Couldn't be better, perfect in every way.",2023-05-09
B0000099,Amazing quality and fast delivery!,2021-04-30
B0000039,Extremely disappointed with quality.,2021-03-28
B0000053,Excellent customer service and fast shipping!,2023-02-14
B0000076,Waste of money. Product didn't work as advertised.,2023-07-06
B0000087,"Brilliant product, highly recommended.",2020-04-06
B0000045,Satisfactory product.,2022-02-19
B0000068,Excellent service and quality product.,2022-04-16
B0000020,Fantastic! Exceeded my expectations.,2024-03-25
B0000069,Absolutely perfect! Will buy again.,2021-09-07
B0000091,Five stars! Highly satisfied customer.,2020-04-28
B0000072,Excellent service and quality product.,2023-02-15
B0000068,Absolutely perfect! Will buy again.,2021-06-06
B0000027,Amazing purchase! Highly recommend to everyone.,2022-07-10
B0000048,Outstanding quality and great value for money.,2020-04-15
B0000035,"Absolutely love it, best decision ever.",2023-05-19
B0000006,Very disappointed with this purchase.,2024-07-05
B0000098,Very happy with this purchase.,2021-03-20
B0000062,Amazing quality and fast delivery!,2021-09-12
B0000002,Outstanding quality and great value for money.,2024-02-27
B0000016,"Useless product, total waste of money.",2021-05-11
B0000090,Outstanding quality and great value for money.,2022-03-23
B0000031,Excellent! Best purchase I've made.,2022-02-18
B0000060,"Perfect product, exactly what I wanted.",2021-09-23
B0000034,"Brilliant product, highly recommended.",2022-08-12
B0000013,"Useless product, total waste of money.",2024-04-08
B0000041,It works as expected.,2021-10-02
B0000053,Absolutely perfect! Will buy again.,2024-02-27
B0000019,Very happy with this purchase.,2023-04-11
B0000075,Poor quality and broke within days.,2020-11-08
B0000026,Wonderful! Exceeded all my expectations.,2023-03-12
B0000032,Amazing quality and fast delivery!,2021-06-11
B0000098,"Useless product, total waste of money.",2022-08-01
B0000022,Terrible product quality.,2020-12-12
B0000018,"Useless product, total waste of money.",2021-01-11
B0000070,Average product. Does what it says.,2022-12-09
B0000005,Terrible experience. Product broke after one day.,2024-08-02
B0000086,Great product! Very satisfied with quality and delivery.,2022-04-24
B0000018,Not as described. Very unhappy.,2020-05-19
B0000091,Outstanding quality and great value for money.,2022-11-01
B0000059,"Absolutely love it, best decision ever.",2023-07-30
B0000086,"Standard product, standard quality.",2022-09-16
B0000085,Great product! Very satisfied with quality and delivery.,2022-12-25
B0000071,Great product! Very satisfied with quality and delivery.,2022-12-20
B0000093,Excellent! Best purchase I've made.,2020-02-05
B0000065,Defective product received.,2024-07-09
B0000023,Best buy ever! Worth every penny!,2022-12-09
B0000020,"Absolutely love it, best decision ever.",2022-12-14
B0000033,Worst purchase ever. Don't waste your money.,2024-06-16
B0000051,Wonderful! Exceeded all my expectations.,2022-07-29
B0000073,Absolutely perfect! Will buy again.,2021-09-06
B0000088,Terrible experience. Product broke after one day.,2023-08-31
B0000084,Terrible experience. Product broke after one day.,2022-04-10
B0000049,"Brilliant product, highly recommended.",2020-04-24
B0000082,Fantastic! Exceeded my expectations.,2020-06-18
B0000064,Not recommended. Very bad experience.,2023-03-04
B0000013,Not what I expected. Poor quality and bad packaging.,2021-04-15
B0000028,Could be better.,2023-03-06
B0000061,Amazing purchase! Highly recommend to everyone.,2023-11-02
B0000036,Very poor quality and bad service.,2023-09-09
B0000005,Amazing quality and fast delivery!,2020-02-02
B0000027,Wonderful! Exceeded all my expectations.,2020-06-06
B0000039,Absolutely perfect! Will buy again.,2023-03-06
B0000050,Very happy with this purchase.,2021-11-10
B0000050,Poor quality and customer service.,2024-06-06
B0000089,Extremely disappointed with quality.,2024-03-06
B0000045,Excellent service and quality product.,2021-04-20
B0000010,"Absolutely love it, best decision ever.",2023-05-04
B0000051,It works as expected.,2020-03-01
B0000082,Five stars! Highly satisfied customer.,2022-10-01
B0000030,Wonderful! Exceeded all my expectations.,2022-06-03
B0000024,Wonderful! Exceeded all my expectations.,2020-06-24
B0000099,Absolutely perfect! Will buy again.,2023-12-31
B0000010,Love it! Perfect for my needs.,2022-02-17
B0000092,Poor quality and customer service.,2024-02-23
B0000050,Best buy ever! Worth every penny!,2020-07-06
B0000001,"Not bad, not great.",2022-01-07
B0000098,Love it! Perfect for my needs.,2020-06-27
B0000024,Very happy with this purchase.,2023-02-10
B0000066,Great product! Very satisfied with quality and delivery.,2020-07-02
B0000046,"Absolutely love it, best decision ever.",2023-05-09
B0000042,Disappointed with the quality. Expected better for this price.,2021-08-20
B0000053,Amazing purchase! Highly recommend to everyone.,2024-01-24
B0000072,Average quality and delivery.,2023-03-17
B0000067,Wonderful! Exceeded all my expectations.,2020-12-13
B0000018,Superb! Highly impressed with the product.,2022-10-06
B0000019,Excellent service and quality product.,2021-07-19
B0000054,Amazing purchase! Highly recommend to everyone.,2022-01-09
B0000033,Could be better.,2023-07-04
B0000064,Outstanding quality and great value for money.,2022-07-26
B0000014,Great product! Very satisfied with quality and delivery.,2022-03-21
B0000043,Completely disappointed.,2024-07-04
B0000043,Excellent service and quality product.,2024-07-28
B0000084,Decent product for the price.,2021-09-07
B0000042,Outstanding quality and great value for money.,2022-09-08
B0000041,Wonderful! Exceeded all my expectations.,2021-10-15
B0000038,"Useless product, total waste of money.",2023-03-25
B0000032,Superb! Highly impressed with the product.,2024-07-30
B0000051,"Couldn't be better, perfect in every way.",2021-02-13
B0000076,Decent product for the price.,2023-10-28
B0000099,Five stars! Highly satisfied customer.,2023-12-21
B0000027,Excellent! Best purchase I've made.,2024-08-29
B0000089,Excellent service and quality product.,2023-10-10
B0000064,Excellent! Best purchase I've made.,2021-05-10
B0000033,Excellent service and quality product.,2024-06-04
B0000049,"Absolutely love it, best decision ever.",2022-09-08
B0000075,"Exceptional quality, great price.",2024-11-16
B0000089,Excellent customer service and fast shipping!,2024-06-07
B0000047,"Horrible experience, avoid this product.",2023-05-01
B0000082,It's okay. Nothing special.,2024-04-23
B0000032,"Perfect product, exactly what I wanted.",2020-12-06
B0000083,"Couldn't be better, perfect in every way.",2023-08-14
B0000087,Amazing quality and fast delivery!,2024-06-18
B0000056,Best buy ever! Worth every penny!,2021-06-13
B0000029,"Exceptional quality, great price.",2023-02-16
B0000075,Absolutely perfect! Will buy again.,2022-07-01
B0000048,"Couldn't be better, perfect in every way.",2023-11-15
B0000065,Great product! Very satisfied with quality and delivery.,2022-09-15
B0000014,Amazing purchase! Highly recommend to everyone.,2020-08-25
B0000094,Excellent! Best purchase I've made.,2021-12-03
B0000059,Extremely disappointed with quality.,2022-09-16
B0000045,Five stars! Highly satisfied customer.,2024-01-18
B0000090,Amazing purchase! Highly recommend to everyone.,2021-09-06
B0000006,Okay product but overpriced.,2020-02-16
B0000044,Fantastic! Exceeded my expectations.,2024-02-25
B0000032,Very happy with this purchase.,2020-11-23
B0000043,Five stars! Highly satisfied customer.,2021-04-19
B0000052,Fantastic! Exceeded my expectations.,2023-08-04
B0000085,Great product! Very satisfied with quality and delivery.,2024-02-19
B0000079,Would not recommend at all.,2023-04-27
B0000055,Outstanding quality and great value for money.,2021-02-25
B0000036,Terrible experience. Product broke after one day.,2023-03-28
B0000014,"Horrible experience, avoid this product.",2021-01-17
B0000047,Five stars! Highly satisfied customer.,2020-08-21
B0000034,"Brilliant product, highly recommended.",2022-12-16
B0000082,Wonderful! Exceeded all my expectations.,2023-06-05
B0000051,"Perfect product, exactly what I wanted.",2021-12-21
B0000059,Excellent! Best purchase I've made.,2023-06-12
B0000076,Love it! Perfect for my needs.,2021-10-03
B0000016,Best buy ever! Worth every penny!,2021-01-09
B0000048,"Exceptional quality, great price.",2022-03-06
B0000054,"Couldn't be better, perfect in every way.",2022-02-24
B0000055,Very happy with this purchase.,2023-11-21
B0000083,Decent product for the price.,2023-02-10
B0000022,Love it! Perfect for my needs.,2021-01-18
B0000041,Not worth the price at all.,2020-04-19
B0000046,"Not bad, not great.",2020-10-06
B0000025,"Horrible experience, avoid this product.",2022-11-01
B0000084,"Brilliant product, highly recommended.",2022-05-01
B0000091,"Useless product, total waste of money.",2020-12-08
B0000011,Absolutely perfect! Will buy again.,2021-08-21
B0000005,Very happy with this purchase.,2021-08-14
B0000022,Very poor quality and bad service.,2024-02-29
B0000099,"Horrible experience, avoid this product.",2022-11-12
B0000015,Superb! Highly impressed with the product.,2024-05-06
B0000070,Terrible product quality.,2023-01-15
B0000097,Five stars! Highly satisfied customer.,2023-01-23
B0000028,It's okay. Nothing special.,2024-02-16
B0000084,Poor quality and broke within days.,2024-11-26
B0000005,"Perfect product, exactly what I wanted.",2024-10-31
B0000012,Best buy ever! Worth every penny!,2024-05-07
B0000031,"Couldn't be better, perfect in every way.",2023-11-12
B0000045,Not worth the price at all.,2023-07-19
B0000055,Love it! Perfect for my needs.,2024-05-26
B0000027,Not what I expected. Poor quality and bad packaging.,2023-03-13
B0000045,"Absolutely love it, best decision ever.",2023-01-08
B0000022,Excellent! Best purchase I've made.,2021-08-15
B0000074,"Exceptional quality, great price.",2023-10-23
B0000013,Excellent service and quality product.,2020-05-01
B0000036,Poor quality and customer service.,2023-12-07
B0000017,Amazing quality and fast delivery!,2024-08-23
B0000032,Completely disappointed.,2022-09-29
B0000019,Superb! Highly impressed with the product.,2023-07-09
B0000054,Amazing purchase! Highly recommend to everyone.,2023-07-21
B0000099,"Exceptional quality, great price.",2024-03-15
B0000036,"Perfect product, exactly what I wanted.",2022-07-20
B0000063,Great product! Very satisfied with quality and delivery.,2024-11-14
B0000100,Terrible experience. Product broke after one day.,2024-02-05
B0000059,"Perfect product, exactly what I wanted.",2024-10-07
B0000009,Completely disappointed.,2021-03-22
B0000055,"Useless product, total waste of money.",2021-07-03
B0000042,Not recommended. Very bad experience.,2023-01-25
B0000074,"Brilliant product, highly recommended.",2024-06-02
B0000044,Not what I expected. Poor quality and bad packaging.,2020-04-04
B0000013,Five stars! Highly satisfied customer.,2020-02-03
B0000016,Decent product for the price.,2022-06-22
B0000059,Excellent service and quality product.,2021-02-18
B0000089,"Standard product, standard quality.",2023-08-24
B0000039,Superb! Highly impressed with the product.,2020-07-10
B0000084,Amazing purchase! Highly recommend to everyone.,2022-01-31
B0000086,Decent product for the price.,2020-04-16
B0000051,Absolutely perfect! Will buy again.,2022-05-29
B0000084,Best buy ever! Worth every penny!,2020-01-03
B0000028,Love it! Perfect for my needs.,2023-04-30
B0000029,Five stars! Highly satisfied customer.,2020-01-20
B0000002,Best buy ever! Worth every penny!,2024-10-27
B0000055,"Brilliant product, highly recommended.",2020-05-25
B0000030,Best buy ever! Worth every penny!,2020-07-30
B0000041,Excellent! Best purchase I've made.,2020-10-07
B0000049,Poor quality and customer service.,2023-08-06
B0000087,"Exceptional quality, great price.",2023-02-27
B0000002,Fantastic! Exceeded my expectations.,2022-06-20
B0000045,Poor quality and customer service.,2022-04-23
B0000079,Outstanding quality and great value for money.,2020-06-26
B0000013,Best buy ever! Worth every penny!,2023-04-22
B0000094,Excellent service and quality product.,2021-10-06
B0000018,Amazing purchase! Highly recommend to everyone.,2021-05-23
B0000071,"Absolutely love it, best decision ever.",2021-08-06
B0000100,Average product. Does what it says.,2024-10-02
B0000085,Very disappointed with this purchase.,2022-11-26
B0000078,Wonderful! Exceeded all my expectations.,2021-08-28
B0000083,Absolutely perfect! Will buy again.,2022-10-10
B0000050,"Brilliant product, highly recommended.",2023-07-30
B0000077,Great product! Very satisfied with quality and delivery.,2022-01-09
B0000041,"Couldn't be better, perfect in every way.",2022-05-11
B0000047,Fantastic! Exceeded my expectations.,2024-04-11
B0000061,Fair quality for the price.,2020-05-29
B0000003,Great product! Very satisfied with quality and delivery.,2021-06-20
B0000028,Excellent customer service and fast shipping!,2024-06-04
B0000051,"Exceptional quality, great price.",2024-04-20
B0000054,Wonderful! Exceeded all my expectations.,2020-06-17
B0000082,"Absolutely love it, best decision ever.",2020-11-08
B0000036,Amazing purchase! Highly recommend to everyone.,2022-11-13
B0000027,Decent product for the price.,2023-01-03
B0000042,Amazing purchase! Highly recommend to everyone.,2021-09-27
B0000090,Absolutely perfect! Will buy again.,2020-04-28
B0000032,Excellent service and quality product.,2020-08-25
B0000059,Excellent customer service and fast shipping!,2021-09-25
B0000086,Waste of money. Product didn't work as advertised.,2020-09-01
B0000002,Disappointed with the quality. Expected better for this price.,2020-12-01
B0000064,Just average.,2022-11-25
B0000093,"Perfect product, exactly what I wanted.",2020-09-16
B0000096,Worst purchase ever. Don't waste your money.,2024-02-10
B0000016,Disappointed with the quality. Expected better for this price.,2021-11-17
B0000055,Amazing purchase! Highly recommend to everyone.,2021-06-22
B0000092,Satisfactory product.,2020-06-06
B0000064,"Perfect product, exactly what I wanted.",2020-04-23
B0000064,Waste of money. Product didn't work as advertised.,2022-01-23
B0000021,Best buy ever! Worth every penny!,2023-03-21
B0000087,Not as described. Very unhappy.,2024-02-26
B0000066,Great product! Very satisfied with quality and delivery.,2021-05-15
B0000006,Wonderful! Exceeded all my expectations.,2020-11-03
B0000023,Acceptable but not exceptional.,2020-03-13
B0000071,Defective product received.,2021-04-04
B0000042,Amazing quality and fast delivery!,2021-07-09
B0000010,Best buy ever! Worth every penny!,2022-10-25
B0000087,Decent product for the price.,2021-04-02
B0000067,Mediocre product.,2020-05-21
B0000060,Poor quality and broke within days.,2021-11-01
B0000012,Great product! Very satisfied with quality and delivery.,2022-01-25
B0000026,Excellent! Best purchase I've made.,2024-02-23
B0000080,"Perfect product, exactly what I wanted.",2023-04-26
B0000064,Fair quality for the price.,2021-02-04
B0000094,Fair quality for the price.,2024-06-18
B0000032,Excellent service and quality product.,2020-02-18
B0000030,Great product! Very satisfied with quality and delivery.,2021-11-17
B0000001,Completely disappointed.,2024-10-04
B0000095,Okay product but overpriced.,2021-02-24
B0000068,Mediocre product.,2022-10-04
B0000008,Decent product for the price.,2023-12-28
B0000036,Absolutely perfect! Will buy again.,2024-09-27
B0000067,"Perfect product, exactly what I wanted.",2022-07-27
B0000096,Best buy ever! Worth every penny!,2022-11-01
B0000018,Wonderful! Exceeded all my expectations.,2020-06-02
B0000076,Excellent service and quality product.,2023-09-18
B0000017,Superb! Highly impressed with the product.,2024-10-08
B0000041,Mediocre product.,2023-12-06
B0000095,Five stars! Highly satisfied customer.,2021-07-10
B0000030,Outstanding quality and great value for money.,2020-10-05
B0000100,Okay product but overpriced.,2020-11-14
B0000014,Five stars! Highly satisfied customer.,2021-10-05
B0000053,"Perfect product, exactly what I wanted.",2024-04-26
B0000027,Five stars! Highly satisfied customer.,2021-06-26
B0000016,Excellent! Best purchase I've made.,2024-08-19
B0000091,Excellent customer service and fast shipping!,2021-03-16
B0000042,Absolutely perfect! Will buy again.,2021-12-29
B0000051,Excellent! Best purchase I've made.,2021-06-16
B0000023,Wonderful! Exceeded all my expectations.,2024-10-16
B0000058,Very happy with this purchase.,2021-05-26
B0000013,Love it! Perfect for my needs.,2020-09-05
B0000002,Absolutely perfect! Will buy again.,2020-09-24
B0000026,Terrible product quality.,2023-11-06
B0000081,It's okay. Nothing special.,2023-04-07
B0000076,Amazing purchase! Highly recommend to everyone.,2020-02-14
B0000009,Five stars! Highly satisfied customer.,2024-07-15
B0000017,Amazing quality and fast delivery!,2020-09-07
B0000006,Average product. Does what it says.,2020-12-10
B0000074,Wonderful! Exceeded all my expectations.,2022-10-13
B0000004,Excellent service and quality product.,2020-12-19
B0000046,Fantastic! Exceeded my expectations.,2021-07-17
B0000036,Love it! Perfect for my needs.,2020-03-11
B0000079,Absolutely perfect! Will buy again.,2023-08-18
B0000038,Very happy with this purchase.,2022-09-08
B0000008,Wonderful! Exceeded all my expectations.,2020-10-08
B0000054,"Exceptional quality, great price.",2021-05-25
B0000081,Just average.,2024-06-15
B0000003,Fair quality for the price.,2023-12-31
B0000046,"Brilliant product, highly recommended.",2021-12-05
B0000073,Wonderful! Exceeded all my expectations.,2021-07-07
B0000024,"Absolutely love it, best decision ever.",2021-03-24
B0000004,Worst purchase ever. Don't waste your money.,2020-04-29
B0000061,"Couldn't be better, perfect in every way.",2021-04-21
B0000021,Absolutely perfect! Will buy again.,2021-06-29
B0000069,Not what I expected. Poor quality and bad packaging.,2024-04-13
B0000029,Wonderful! Exceeded all my expectations.,2021-12-27
B0000023,"Couldn't be better, perfect in every way.",2021-10-13
B0000095,"Couldn't be better, perfect in every way.",2020-02-27
B0000091,Very poor quality and bad service.,2023-02-28
B0000019,Outstanding quality and great value for money.,2024-09-09
B0000064,Fantastic! Exceeded my expectations.,2022-10-01
B0000005,Absolutely perfect! Will buy again.,2023-05-17
B0000029,"Brilliant product, highly recommended.",2020-01-02
B0000043,Average quality and delivery.,2024-07-09
B0000017,Fantastic! Exceeded my expectations.,2024-07-01
B0000042,Love it! Perfect for my needs.,2023-04-16
B0000091,Fair quality for the price.,2020-08-15
B0000068,Terrible experience. Product broke after one day.,2022-02-04
B0000091,Mediocre product.,2023-04-15
B0000013,Amazing quality and fast delivery!,2020-10-06
B0000021,Defective product received.,2024-06-09
B0000082,Satisfactory product.,2021-10-11
B0000023,"Horrible experience, avoid this product.",2023-11-21
B0000079,Not as described. Very unhappy.,2023-09-25
B0000076,Completely disappointed.,2021-09-20
B0000094,Love it! Perfect for my needs.,2020-12-29
B0000094,"Couldn't be better, perfect in every way.",2022-03-12
B0000099,Average product. Does what it says.,2021-01-07
B0000078,"Absolutely love it, best decision ever.",2021-03-28
